timestamp,model_name,lr,momentum,weight_decay,n_epochs,version,strat,batch_size,best_epoch,best_test_accuracy,train_directory
20240726_175840,resnet50.tv_in1k,0.008,0.9,0.0002,1,v4,1,16,0,40.2062,./BF/datasv4/strat_1/train
20240726_180003,resnet50.tv_in1k,0.008,0.9,0.0002,1,v4,1,16,0,59.7938,./BF/datasv4/strat_1/train
20240726_180011,resnet101.tv_in1k,0.008,0.9,0.0002,1,v4,1,16,0,59.7938,./BF/datasv4/strat_1/train
20240726_180029,tf_efficientnetv2_m.in21k,0.008,0.9,0.0002,1,v4,1,16,0,40.2062,./BF/datasv4/strat_1/train
20240726_180223,resnet50.tv_in1k,0.008,0.9,0.0002,100,v4,1,16,51,69.0722,./BF/datasv4/strat_1/train
20240726_181051,resnet101.tv_in1k,0.008,0.9,0.0002,100,v4,1,16,91,65.9794,./BF/datasv4/strat_1/train
20240726_181930,tf_efficientnetv2_m.in21k,0.008,0.9,0.0002,100,v4,1,16,11,67.0103,./BF/datasv4/strat_1/train
20240726_182936,tf_efficientnetv2_l.in21k,0.008,0.9,0.0002,100,v4,1,16,57,65.9794,./BF/datasv4/strat_1/train
20240726_184209,resnet50.tv_in1k,0.008,0.9,0.0002,100,v4,3,16,50,75.2577,./BF/datasv4/strat_3/train
20240726_185329,resnet101.tv_in1k,0.008,0.9,0.0002,100,v4,3,16,80,78.3505,./BF/datasv4/strat_3/train
20240726_190506,tf_efficientnetv2_m.in21k,0.008,0.9,0.0002,100,v4,3,16,29,65.9794,./BF/datasv4/strat_3/train
20240726_191909,tf_efficientnetv2_l.in21k,0.008,0.9,0.0002,100,v4,3,16,18,63.9175,./BF/datasv4/strat_3/train
20240726_193459,resnet50.tv_in1k,0.008,0.9,0.0002,100,v4,5,16,61,75.2577,./BF/datasv4/strat_5/train
20240726_194910,resnet101.tv_in1k,0.008,0.9,0.0002,100,v4,5,16,17,64.9485,./BF/datasv4/strat_5/train
20240726_200339,tf_efficientnetv2_m.in21k,0.008,0.9,0.0002,100,v4,5,16,74,62.8866,./BF/datasv4/strat_5/train
20240726_202110,tf_efficientnetv2_l.in21k,0.008,0.9,0.0002,100,v4,5,16,32,64.9485,./BF/datasv4/strat_5/train
20240726_204130,resnet50.tv_in1k,0.008,0.9,0.0002,100,v4,10,16,8,65.9794,./BF/datasv4/strat_10/train
20240726_210247,resnet101.tv_in1k,0.008,0.9,0.0002,100,v4,10,16,13,72.1649,./BF/datasv4/strat_10/train
20240726_210701,resnet50.tv_in1k,0.008,0.9,0.0002,100,v4,1,16,57,72.1649,./BF/datasv4/strat_1/train
20240726_212430,tf_efficientnetv2_m.in21k,0.008,0.9,0.0002,100,v4,10,16,14,61.8557,./BF/datasv4/strat_10/train
20240727_013447,resnet101.tv_in1k,0.008,0.9,0.0002,100,v4,1,16,50,63.9175,./BF/datasv4/strat_1/train
20240727_021904,tf_efficientnetv2_m.in21k,0.008,0.9,0.0002,100,v4,1,16,39,61.8557,./BF/datasv4/strat_1/train
20240727_034045,tf_efficientnetv2_l.in21k,0.008,0.9,0.0002,100,v4,1,16,25,65.9794,./BF/datasv4/strat_1/train
20240727_061748,resnet50.tv_in1k,0.008,0.9,0.0002,100,v4,new1,16,78,64.9485,./BF/datasv4/strat_new1/train
20240727_065826,resnet101.tv_in1k,0.008,0.9,0.0002,100,v4,new1,16,17,68.0412,./BF/datasv4/strat_new1/train
20240727_075225,tf_efficientnetv2_m.in21k,0.008,0.9,0.0002,100,v4,new1,16,13,62.8866,./BF/datasv4/strat_new1/train
20240727_093852,tf_efficientnetv2_l.in21k,0.008,0.9,0.0002,100,v4,new1,16,60,61.8557,./BF/datasv4/strat_new1/train
20240729_154126,resnet50.tv_in1k,0.01,0.9,0.0002,10,v4,1,16,3,60.8247,./BF/datasv4/strat_1/train
20240729_155640,resnet101.tv_in1k,0.01,0.9,0.0002,10,v4,1,16,0,59.7938,./BF/datasv4/strat_1/train
20240729_161206,tf_efficientnetv2_m.in21k,0.01,0.9,0.0002,10,v4,1,16,9,61.8557,./BF/datasv4/strat_1/train
20240729_161326,resnet50.tv_in1k,0.01,0.9,0.0002,10,v4,3,16,4,63.9175,./BF/datasv4/strat_3/train
20240729_161331,resnet50.tv_in1k,0.01,0.9,0.0002,10,v4,5,16,4,65.9794,./BF/datasv4/strat_5/train
20240729_162605,tf_efficientnetv2_l.in21k,0.01,0.9,0.0002,10,v4,1,16,0,61.8557,./BF/datasv4/strat_1/train
20240729_161335,resnet50.tv_in1k,0.01,0.9,0.0002,10,v4,10,16,6,62.8866,./BF/datasv4/strat_10/train
20240729_163259,resnet101.tv_in1k,0.01,0.9,0.0002,10,v4,3,16,2,61.8557,./BF/datasv4/strat_3/train
20240729_164150,resnet50.tv_in1k,0.01,0.9,0.0002,10,v4,new1,16,2,59.7938,./BF/datasv4/strat_new1/train
20240729_163725,resnet101.tv_in1k,0.01,0.9,0.0002,10,v4,5,16,1,59.7938,./BF/datasv4/strat_5/train
20240729_165243,tf_efficientnetv2_m.in21k,0.01,0.9,0.0002,10,v4,3,16,8,60.8247,./BF/datasv4/strat_3/train
20240729_165839,resnet101.tv_in1k,0.01,0.9,0.0002,10,v4,new1,16,4,64.9485,./BF/datasv4/strat_new1/train
20240729_164912,resnet101.tv_in1k,0.01,0.9,0.0002,10,v4,10,16,9,62.8866,./BF/datasv4/strat_10/train
20240729_170142,tf_efficientnetv2_m.in21k,0.01,0.9,0.0002,10,v4,5,16,8,61.8557,./BF/datasv4/strat_5/train
20240729_171524,tf_efficientnetv2_m.in21k,0.01,0.9,0.0002,10,v4,new1,16,6,60.8247,./BF/datasv4/strat_new1/train
20240729_171309,tf_efficientnetv2_l.in21k,0.01,0.9,0.0002,10,v4,3,16,1,60.8247,./BF/datasv4/strat_3/train
20240729_173224,tf_efficientnetv2_l.in21k,0.01,0.9,0.0002,10,v4,new1,16,0,59.7938,./BF/datasv4/strat_new1/train
20240729_172640,tf_efficientnetv2_l.in21k,0.01,0.9,0.0002,10,v4,5,16,0,59.7938,./BF/datasv4/strat_5/train
20240729_173326,resnet50.tv_in1k,0.01,0.9,0.0002,10,v4,new3,16,7,61.8557,./BF/datasv4/strat_new3/train
20240729_172447,tf_efficientnetv2_m.in21k,0.01,0.9,0.0002,10,v4,10,16,7,61.8557,./BF/datasv4/strat_10/train
20240729_175329,resnet101.tv_in1k,0.01,0.9,0.0002,10,v4,new3,16,9,61.8557,./BF/datasv4/strat_new3/train
20240729_175141,resnet50.tv_in1k,0.01,0.9,0.0002,10,v4,new5,16,0,59.7938,./BF/datasv4/strat_new5/train
20240729_180943,tf_efficientnetv2_m.in21k,0.01,0.9,0.0002,10,v4,new3,16,0,59.7938,./BF/datasv4/strat_new3/train
20240729_175823,tf_efficientnetv2_l.in21k,0.01,0.9,0.0002,10,v4,10,16,0,59.7938,./BF/datasv4/strat_10/train
20240729_181117,resnet101.tv_in1k,0.01,0.9,0.0002,10,v4,new5,16,1,67.0103,./BF/datasv4/strat_new5/train
20240729_182619,tf_efficientnetv2_l.in21k,0.01,0.9,0.0002,10,v4,new3,16,3,62.8866,./BF/datasv4/strat_new3/train
20240729_183021,tf_efficientnetv2_m.in21k,0.01,0.9,0.0002,10,v4,new5,16,1,60.8247,./BF/datasv4/strat_new5/train
20240729_182652,resnet50.tv_in1k,0.01,0.9,0.0002,10,v4,new10,16,5,72.1649,./BF/datasv4/strat_new10/train
20240729_184814,tf_efficientnetv2_l.in21k,0.01,0.9,0.0002,10,v4,new5,16,9,60.8247,./BF/datasv4/strat_new5/train
20240729_185029,resnet101.tv_in1k,0.01,0.9,0.0002,10,v4,new10,16,3,59.7938,./BF/datasv4/strat_new10/train
20240729_190347,tf_efficientnetv2_m.in21k,0.01,0.9,0.0002,10,v4,new10,16,7,62.8866,./BF/datasv4/strat_new10/train
20240729_191013,tf_efficientnetv2_l.in21k,0.01,0.9,0.0002,10,v4,new10,16,8,60.8247,./BF/datasv4/strat_new10/train
20240729_200328,resnet50.tv_in1k,0.01,0.85,0.0002,10,v4,1,32,1,63.9175,./BF/datasv4/strat_1/train
20240729_200331,resnet50.tv_in1k,0.01,0.85,0.0002,10,v4,3,32,7,61.8557,./BF/datasv4/strat_3/train
20240729_200340,resnet50.tv_in1k,0.01,0.85,0.0002,10,v4,5,32,9,65.9794,./BF/datasv4/strat_5/train
20240729_201817,resnet101.tv_in1k,0.01,0.85,0.0002,10,v4,1,32,6,63.9175,./BF/datasv4/strat_1/train
20240729_200342,resnet50.tv_in1k,0.01,0.85,0.0002,10,v4,10,32,7,60.8247,./BF/datasv4/strat_10/train
20240729_202300,resnet101.tv_in1k,0.01,0.85,0.0002,10,v4,3,32,0,59.7938,./BF/datasv4/strat_3/train
20240729_203324,tf_efficientnetv2_m.in21k,0.01,0.85,0.0002,10,v4,1,32,0,50.5155,./BF/datasv4/strat_1/train
20240729_202755,resnet101.tv_in1k,0.01,0.85,0.0002,10,v4,5,32,5,65.9794,./BF/datasv4/strat_5/train
20240729_204232,tf_efficientnetv2_m.in21k,0.01,0.85,0.0002,10,v4,3,32,8,62.8866,./BF/datasv4/strat_3/train
20240729_204844,tf_efficientnetv2_l.in21k,0.01,0.85,0.0002,10,v4,1,32,8,59.7938,./BF/datasv4/strat_1/train
20240729_203923,resnet101.tv_in1k,0.01,0.85,0.0002,10,v4,10,32,7,70.1031,./BF/datasv4/strat_10/train
20240729_205157,tf_efficientnetv2_m.in21k,0.01,0.85,0.0002,10,v4,5,32,5,63.9175,./BF/datasv4/strat_5/train
20240729_210433,resnet50.tv_in1k,0.01,0.85,0.0002,10,v4,new1,32,4,62.8866,./BF/datasv4/strat_new1/train
20240729_210238,tf_efficientnetv2_l.in21k,0.01,0.85,0.0002,10,v4,3,32,7,67.0103,./BF/datasv4/strat_3/train
20240729_212057,resnet101.tv_in1k,0.01,0.85,0.0002,10,v4,new1,32,0,59.7938,./BF/datasv4/strat_new1/train
20240729_211634,tf_efficientnetv2_l.in21k,0.01,0.85,0.0002,10,v4,5,32,6,61.8557,./BF/datasv4/strat_5/train
20240729_212314,resnet50.tv_in1k,0.01,0.85,0.0002,10,v4,new3,32,4,61.8557,./BF/datasv4/strat_new3/train
20240729_211438,tf_efficientnetv2_m.in21k,0.01,0.85,0.0002,10,v4,10,32,7,67.0103,./BF/datasv4/strat_10/train
20240729_213742,tf_efficientnetv2_m.in21k,0.01,0.85,0.0002,10,v4,new1,32,0,60.8247,./BF/datasv4/strat_new1/train
20240729_214422,resnet101.tv_in1k,0.01,0.85,0.0002,10,v4,new3,32,8,77.3196,./BF/datasv4/strat_new3/train
20240729_214207,resnet50.tv_in1k,0.01,0.85,0.0002,10,v4,new5,32,1,59.7938,./BF/datasv4/strat_new5/train
20240729_215456,tf_efficientnetv2_l.in21k,0.01,0.85,0.0002,10,v4,new1,32,1,59.7938,./BF/datasv4/strat_new1/train
20240729_220555,tf_efficientnetv2_m.in21k,0.01,0.85,0.0002,10,v4,new3,32,9,69.0722,./BF/datasv4/strat_new3/train
20240729_215128,tf_efficientnetv2_l.in21k,0.01,0.85,0.0002,10,v4,10,32,6,61.8557,./BF/datasv4/strat_10/train
20240729_220751,resnet101.tv_in1k,0.01,0.85,0.0002,10,v4,new5,32,8,73.1959,./BF/datasv4/strat_new5/train
20240729_222419,tf_efficientnetv2_l.in21k,0.01,0.85,0.0002,10,v4,new3,32,9,62.8866,./BF/datasv4/strat_new3/train
20240729_222826,tf_efficientnetv2_m.in21k,0.01,0.85,0.0002,10,v4,new5,32,0,59.7938,./BF/datasv4/strat_new5/train
20240729_222528,resnet50.tv_in1k,0.01,0.85,0.0002,10,v4,new10,32,5,61.8557,./BF/datasv4/strat_new10/train
20240729_224638,tf_efficientnetv2_l.in21k,0.01,0.85,0.0002,10,v4,new5,32,9,67.0103,./BF/datasv4/strat_new5/train
20240729_224949,resnet101.tv_in1k,0.01,0.85,0.0002,10,v4,new10,32,9,67.0103,./BF/datasv4/strat_new10/train
20240729_225756,resnet50.tv_in1k,0.01,0.9,0.0002,20,v4,1,32,7,61.8557,./BF/datasv4/strat_1/train
20240729_225802,resnet50.tv_in1k,0.01,0.9,0.0002,20,v4,3,32,6,62.8866,./BF/datasv4/strat_3/train
20240729_232021,resnet101.tv_in1k,0.01,0.9,0.0002,20,v4,1,32,3,63.9175,./BF/datasv4/strat_1/train
20240729_231746,tf_efficientnetv2_m.in21k,0.01,0.9,0.0002,10,v4,new10,32,8,64.9485,./BF/datasv4/strat_new10/train
20240729_232714,resnet101.tv_in1k,0.01,0.9,0.0002,20,v4,3,32,16,70.1031,./BF/datasv4/strat_3/train
20240729_234536,tf_efficientnetv2_m.in21k,0.01,0.9,0.0002,20,v4,1,32,18,62.8866,./BF/datasv4/strat_1/train
20240729_233300,resnet50.tv_in1k,0.01,0.9,0.0002,20,v4,5,32,18,73.1959,./BF/datasv4/strat_5/train
20240729_235143,tf_efficientnetv2_l.in21k,0.01,0.9,0.0002,10,v4,new10,32,0,59.7938,./BF/datasv4/strat_new10/train
20240730_000355,tf_efficientnetv2_m.in21k,0.01,0.9,0.0002,20,v4,3,32,8,76.2887,./BF/datasv4/strat_3/train
20240730_001544,tf_efficientnetv2_l.in21k,0.01,0.9,0.0002,20,v4,1,32,0,59.7938,./BF/datasv4/strat_1/train
20240730_002010,resnet101.tv_in1k,0.01,0.9,0.0002,20,v4,5,32,10,70.1031,./BF/datasv4/strat_5/train
20240730_004349,resnet50.tv_in1k,0.01,0.9,0.0002,20,v4,new1,32,3,64.9485,./BF/datasv4/strat_new1/train
20240730_004056,tf_efficientnetv2_l.in21k,0.01,0.9,0.0002,20,v4,3,32,0,59.7938,./BF/datasv4/strat_3/train
20240730_003714,resnet50.tv_in1k,0.01,0.9,0.0002,20,v4,10,32,11,64.9485,./BF/datasv4/strat_10/train
20240730_011643,resnet101.tv_in1k,0.01,0.9,0.0002,20,v4,new1,32,15,62.8866,./BF/datasv4/strat_new1/train
20240730_010556,tf_efficientnetv2_m.in21k,0.01,0.9,0.0002,20,v4,5,32,9,60.8247,./BF/datasv4/strat_5/train
20240730_015855,resnet50.tv_in1k,0.008,0.9,0.0005,100,v4,1,32,6,63.9175,./BF/datasv4/strat_1/train
20240730_015900,resnet50.tv_in1k,0.008,0.9,0.0005,100,v4,3,32,24,61.8557,./BF/datasv4/strat_3/train
20240730_015905,resnet50.tv_in1k,0.008,0.9,0.0005,100,v4,5,32,21,73.1959,./BF/datasv4/strat_5/train
20240730_042417,resnet101.tv_in1k,0.008,0.9,0.0005,100,v4,1,32,78,65.9794,./BF/datasv4/strat_1/train
20240730_015915,resnet50.tv_in1k,0.008,0.9,0.0005,100,v4,10,32,5,70.1031,./BF/datasv4/strat_10/train
20240730_051034,resnet101.tv_in1k,0.008,0.9,0.0005,100,v4,3,32,36,72.1649,./BF/datasv4/strat_3/train
20240730_065009,tf_efficientnetv2_m.in21k,0.008,0.9,0.0005,100,v4,1,32,5,63.9175,./BF/datasv4/strat_1/train
20240730_055827,resnet101.tv_in1k,0.008,0.9,0.0005,100,v4,5,32,66,84.5361,./BF/datasv4/strat_5/train
20240730_101036,resnet50.tv_in1k,0.008,0.9,0.0005,5,v4,1,32,3,61.8557,./BF/datasv4/strat_1/train
20240730_101037,resnet50.tv_in1k,0.008,0.9,0.0005,5,v4,3,32,0,59.7938,./BF/datasv4/strat_3/train
20240730_101040,resnet50.tv_in1k,0.008,0.9,0.0005,5,v4,5,32,0,59.7938,./BF/datasv4/strat_5/train
20240730_101808,resnet101.tv_in1k,0.008,0.9,0.0005,5,v4,1,32,3,61.8557,./BF/datasv4/strat_1/train
20240730_101044,resnet50.tv_in1k,0.008,0.9,0.0005,5,v4,10,32,0,59.7938,./BF/datasv4/strat_10/train
20240730_102022,resnet101.tv_in1k,0.008,0.9,0.0005,5,v4,3,32,0,59.7938,./BF/datasv4/strat_3/train
20240730_102549,tf_efficientnetv2_m.in21k,0.008,0.9,0.0005,5,v4,1,32,0,59.7938,./BF/datasv4/strat_1/train
20240730_102250,resnet101.tv_in1k,0.008,0.9,0.0005,5,v4,5,32,4,60.8247,./BF/datasv4/strat_5/train
20240730_103004,tf_efficientnetv2_m.in21k,0.008,0.9,0.0005,5,v4,3,32,3,61.8557,./BF/datasv4/strat_3/train
20240730_103346,tf_efficientnetv2_l.in21k,0.008,0.9,0.0005,5,v4,1,32,1,60.8247,./BF/datasv4/strat_1/train
20240730_102817,resnet101.tv_in1k,0.008,0.9,0.0005,5,v4,10,32,0,59.7938,./BF/datasv4/strat_10/train
20240730_103451,tf_efficientnetv2_m.in21k,0.008,0.9,0.0005,5,v4,5,32,2,64.9485,./BF/datasv4/strat_5/train
20240730_104150,resnet50.tv_in1k,0.008,0.9,0.0005,5,v4,new1,32,2,59.7938,./BF/datasv4/strat_new1/train
20240730_104011,tf_efficientnetv2_l.in21k,0.008,0.9,0.0005,5,v4,3,32,4,61.8557,./BF/datasv4/strat_3/train
20240730_105002,resnet101.tv_in1k,0.008,0.9,0.0005,5,v4,new1,32,0,59.7938,./BF/datasv4/strat_new1/train
20240730_104715,tf_efficientnetv2_l.in21k,0.008,0.9,0.0005,5,v4,5,32,0,59.7938,./BF/datasv4/strat_5/train
20240730_105036,resnet50.tv_in1k,0.008,0.9,0.0005,5,v4,new3,32,2,62.8866,./BF/datasv4/strat_new3/train
20240730_104544,tf_efficientnetv2_m.in21k,0.008,0.9,0.0005,5,v4,10,32,4,64.9485,./BF/datasv4/strat_10/train
20240730_110706,resnet101.tv_in1k,0.01,0.9,0.0002,20,v4,1,32,14,68.0412,./BF/datasv4/strat_1/train
20240730_110708,resnet101.tv_in1k,0.01,0.9,0.0002,20,v4,3,32,16,68.0412,./BF/datasv4/strat_3/train
20240730_110713,resnet101.tv_in1k,0.01,0.9,0.0002,20,v4,5,32,15,78.3505,./BF/datasv4/strat_5/train
20240730_113543,resnet101.tv_in1k,0.01,0.9,0.0002,20,v4,new1,32,0,59.7938,./BF/datasv4/strat_new1/train
20240730_110718,resnet101.tv_in1k,0.01,0.9,0.0002,20,v4,10,32,12,73.1959,./BF/datasv4/strat_10/train
20240730_114440,resnet101.tv_in1k,0.01,0.9,0.0002,20,v4,new3,32,16,70.1031,./BF/datasv4/strat_new3/train
20240730_115400,resnet101.tv_in1k,0.01,0.9,0.0002,20,v4,new5,32,17,64.9485,./BF/datasv4/strat_new5/train
20240730_121431,resnet101.tv_in1k,0.01,0.9,0.0002,20,v4,new10,32,12,77.3196,./BF/datasv4/strat_new10/train
20240730_124900,resnet50.tv_in1k,0.01,0.9,0.0002,20,v4,1,32,8,65.9794,./BF/datasv4/strat_1/train
20240730_130230,resnet50.tv_in1k,0.01,0.9,0.0002,20,v4,new1,32,4,61.8557,./BF/datasv4/strat_new1/train
20240730_131516,resnet50.tv_in1k,0.01,0.9,0.0002,100,v4,1,16,64,65.9794,./BF/datasv4/strat_1/train
20240730_131516,resnet50.tv_in1k,0.01,0.9,0.0002,100,v4,3,16,37,69.0722,./BF/datasv4/strat_3/train
20240730_131519,resnet50.tv_in1k,0.01,0.9,0.0002,100,v4,5,16,24,69.0722,./BF/datasv4/strat_5/train
20240730_153536,resnet50.tv_in1k,0.01,0.9,0.0002,100,v4,new1,16,13,62.8866,./BF/datasv4/strat_new1/train
20240730_131521,resnet50.tv_in1k,0.01,0.9,0.0002,100,v4,10,16,18,65.9794,./BF/datasv4/strat_10/train
20240730_162008,resnet50.tv_in1k,0.01,0.9,0.0002,100,v4,new3,16,33,78.3505,./BF/datasv4/strat_new3/train
20240730_170619,resnet50.tv_in1k,0.01,0.9,0.0002,100,v4,new5,16,80,72.1649,./BF/datasv4/strat_new5/train
20240730_184939,resnet50.tv_in1k,0.01,0.9,0.0002,100,v4,new10,16,13,80.4124,./BF/datasv4/strat_new10/train
20240730_213921,resnet101.tv_in1k,0.01,0.9,0.0002,100,v4,1,16,49,65.9794,./BF/datasv4/strat_1/train
20240730_213922,resnet101.tv_in1k,0.01,0.9,0.0002,100,v4,3,16,24,83.5052,./BF/datasv4/strat_3/train
20240730_213930,resnet101.tv_in1k,0.01,0.9,0.0002,100,v4,5,16,19,75.2577,./BF/datasv4/strat_5/train
20240730_235850,resnet101.tv_in1k,0.01,0.9,0.0002,100,v4,new1,16,26,65.9794,./BF/datasv4/strat_new1/train
20240730_213933,resnet101.tv_in1k,0.01,0.9,0.0002,100,v4,10,16,31,64.9485,./BF/datasv4/strat_10/train
20240731_004423,resnet101.tv_in1k,0.01,0.9,0.0002,100,v4,new3,16,35,63.9175,./BF/datasv4/strat_new3/train
20240731_012952,resnet101.tv_in1k,0.01,0.9,0.0002,100,v4,new5,16,21,62.8866,./BF/datasv4/strat_new5/train
20240731_031314,resnet101.tv_in1k,0.01,0.9,0.0002,100,v4,new10,16,11,77.3196,./BF/datasv4/strat_new10/train
20240731_073810,tf_efficientnetv2_m.in21k,0.007,0.9,0.0002,100,v4,1,16,36,73.1959,./BF/datasv4/strat_1/train
20240731_073811,tf_efficientnetv2_m.in21k,0.007,0.9,0.0002,100,v4,3,16,6,63.9175,./BF/datasv4/strat_3/train
20240731_073816,tf_efficientnetv2_m.in21k,0.007,0.9,0.0002,100,v4,5,16,68,62.8866,./BF/datasv4/strat_5/train
20240731_095817,tf_efficientnetv2_l.in21k,0.007,0.9,0.0002,100,v4,1,16,26,63.9175,./BF/datasv4/strat_1/train
20240731_073821,tf_efficientnetv2_m.in21k,0.007,0.9,0.0002,100,v4,10,16,5,65.9794,./BF/datasv4/strat_10/train
20240731_104340,tf_efficientnetv2_l.in21k,0.007,0.9,0.0002,100,v4,3,16,25,75.2577,./BF/datasv4/strat_3/train
20240731_121941,tf_efficientnetv2_m.in21k,0.007,0.9,0.0002,100,v4,new1,16,70,65.9794,./BF/datasv4/strat_new1/train
20240731_112923,tf_efficientnetv2_l.in21k,0.007,0.9,0.0002,100,v4,5,16,9,63.9175,./BF/datasv4/strat_5/train
20240731_145754,tf_efficientnetv2_l.in21k,0.007,0.9,0.0002,100,v4,new1,32,28,64.9485,./BF/datasv4/strat_new1/train
20240731_142434,tf_efficientnetv2_m.in21k,0.007,0.9,0.0002,100,v4,new3,32,25,73.1959,./BF/datasv4/strat_new3/train
20240731_155100,tf_efficientnetv2_m.in21k,0.007,0.9,0.0002,100,v4,new5,32,25,84.5361,./BF/datasv4/strat_new5/train
20240731_142826,tf_efficientnetv2_l.in21k,0.007,0.9,0.0002,100,v4,10,32,5,63.9175,./BF/datasv4/strat_10/train
20240731_174652,tf_efficientnetv2_l.in21k,0.007,0.9,0.0002,100,v4,new3,32,50,73.1959,./BF/datasv4/strat_new3/train
20240731_195401,tf_efficientnetv2_m.in21k,0.009,0.9,0.0002,100,v4,1,32,10,63.9175,./BF/datasv4/strat_1/train
20240731_192951,tf_efficientnetv2_l.in21k,0.007,0.9,0.0002,100,v4,new5,32,77,65.9794,./BF/datasv4/strat_new5/train
20240731_215649,tf_efficientnetv2_l.in21k,0.009,0.9,0.0002,100,v4,1,32,50,64.9485,./BF/datasv4/strat_1/train
20240731_214059,tf_efficientnetv2_l.in21k,0.009,0.9,0.0002,100,v4,new3,32,19,67.0103,./BF/datasv4/strat_new3/train
20240731_194502,tf_efficientnetv2_l.in21k,0.007,0.9,0.0002,100,v4,new10,32,10,68.0412,./BF/datasv4/strat_new10/train
20240801_000603,tf_efficientnetv2_m.in21k,0.009,0.9,0.0002,100,v4,new1,32,66,63.9175,./BF/datasv4/strat_new1/train
20240801_011231,tf_efficientnetv2_l.in21k,0.009,0.9,0.0002,100,v4,new1,32,29,65.9794,./BF/datasv4/strat_new1/train
20240801_034023,resnet50.tv_in1k,0.006,0.9,0.0002,100,v4,1,32,32,67.0103,./BF/datasv4/strat_1/train
20240801_034224,resnet101.tv_in1k,0.008,0.9,0.0002,100,v4,3,32,84,67.0103,./BF/datasv4/strat_3/train
20240801_034514,resnet101.tv_in1k,0.006,0.9,0.0002,100,v4,5,32,43,72.1649,./BF/datasv4/strat_5/train
20240801_054450,resnet101.tv_in1k,0.006,0.9,0.0002,100,v4,1,32,20,67.0103,./BF/datasv4/strat_1/train
20240801_064225,tf_efficientnetv2_l.in21k,0.008,0.9,0.0002,100,v4,3,32,25,65.9794,./BF/datasv4/strat_3/train
20240801_034806,tf_efficientnetv2_m.in21k,0.007,0.9,0.0002,100,v4,new10,32,9,63.9175,./BF/datasv4/strat_new10/train
20240801_080251,tf_efficientnetv2_m.in21k,0.006,0.9,0.0002,100,v4,1,32,63,68.0412,./BF/datasv4/strat_1/train
20240801_073202,resnet101.tv_in1k,0.006,0.9,0.0002,100,v4,new5,32,58,73.1959,./BF/datasv4/strat_new5/train
20240801_101833,resnet50.tv_in1k,0.006,0.9,0.0002,100,v4,new1,32,58,71.1340,./BF/datasv4/strat_new1/train
20240801_103824,tf_efficientnetv2_m.in21k,0.01,0.9,0.0002,100,v4,1,32,10,65.9794,./BF/datasv4/strat_1/train
20240801_095303,resnet101.tv_in1k,0.008,0.9,0.0002,100,v4,new3,32,33,78.3505,./BF/datasv4/strat_new3/train
20240801_123128,resnet101.tv_in1k,0.006,0.9,0.0002,100,v4,new1,32,4,67.0103,./BF/datasv4/strat_new1/train
20240801_124138,tf_efficientnetv2_l.in21k,0.008,0.9,0.0002,100,v4,new3,32,56,65.9794,./BF/datasv4/strat_new3/train
20240801_143054,tf_efficientnetv2_m.in21k,0.006,0.9,0.0002,100,v4,new1,32,22,62.8866,./BF/datasv4/strat_new1/train
20240801_150510,resnet101.tv_in1k,0.005,0.9,0.0002,100,v4,1,32,25,67.0103,./BF/datasv4/strat_1/train
20240801_124138,tf_efficientnetv2_m.in21k,0.01,0.9,0.0002,100,v4,new10,32,6,64.9485,./BF/datasv4/strat_new10/train
20240801_155403,tf_efficientnetv2_l.in21k,0.009,0.9,0.0002,100,v4,3,32,39,71.1340,./BF/datasv4/strat_3/train
20240801_171210,resnet50.tv_in1k,0.003,0.9,0.0002,100,v4,1,32,38,65.9794,./BF/datasv4/strat_1/train
20240801_171205,resnet101.tv_in1k,0.005,0.9,0.0002,100,v4,new1,32,28,69.0722,./BF/datasv4/strat_new1/train
20240801_190257,resnet101.tv_in1k,0.003,0.9,0.0002,100,v4,1,32,18,72.1649,./BF/datasv4/strat_1/train
20240801_193040,tf_efficientnetv2_m.in21k,0.003,0.9,0.0002,100,v4,1,32,45,63.9175,./BF/datasv4/strat_1/train
20240801_195448,resnet50.tv_in1k,0.003,0.9,0.0002,100,v4,new1,32,11,65.9794,./BF/datasv4/strat_new1/train
20240801_201703,resnet101.tv_in1k,0.003,0.9,0.0002,100,v4,new1,32,66,67.0103,./BF/datasv4/strat_new1/train
20240801_203949,tf_efficientnetv2_m.in21k,0.003,0.9,0.0002,100,v4,new1,32,77,67.0103,./BF/datasv4/strat_new1/train
20240801_223844,tf_efficientnetv2_l.in21k,0.006,0.9,0.0002,100,v4,3,32,30,74.2268,./BF/datasv4/strat_3/train
20240801_231130,tf_efficientnetv2_l.in21k,0.003,0.9,0.0002,100,v4,3,32,17,69.0722,./BF/datasv4/strat_3/train
20240801_223616,tf_efficientnetv2_m.in21k,0.01,0.9,0.0002,100,v4,10,32,5,61.8557,./BF/datasv4/strat_10/train
20240802_012041,tf_efficientnetv2_l.in21k,0.006,0.9,0.0002,100,v4,new3,32,20,65.9794,./BF/datasv4/strat_new3/train
20240801_231014,tf_efficientnetv2_m.in21k,0.005,0.9,0.0002,100,v4,10,32,43,63.9175,./BF/datasv4/strat_10/train
20240802_021728,tf_efficientnetv2_l.in21k,0.003,0.9,0.0002,100,v4,new3,32,35,79.3814,./BF/datasv4/strat_new3/train
20240802_043048,tf_efficientnetv2_m.in21k,0.005,0.9,0.0002,100,v4,new10,32,6,65.9794,./BF/datasv4/strat_new10/train
20240802_153453,wide_resnet50_2.tv_in1k,0.008,0.9,0.0002,100,v4,1,32,9,70.1031,./BF/datasv4/strat_1/train
20240807_001504,wide_resnet50_2.tv_in1k,0.008,0.9,0.0002,100,v4,1,32,40,67.0103,./BF/datasv4/strat_1/train
20240807_002552,wide_resnet50_2.tv_in1k,0.008,0.9,0.0002,100,v4,1,32,78,72.1649,./BF/datasv4/strat_1/train
20240807_003449,wide_resnet50_2.tv_in1k,0.01,0.9,0.0002,100,v4,1,32,48,61.8557,./BF/datasv4/strat_1/train
20240807_004346,resnet152.tv_in1k,0.008,0.9,0.0002,100,v4,1,32,33,65.9794,./BF/datasv4/strat_1/train
20240807_005252,resnet152.tv_in1k,0.01,0.9,0.0002,100,v4,1,32,34,68.0412,./BF/datasv4/strat_1/train
20240807_010157,wide_resnet50_2.tv_in1k,0.008,0.9,0.0002,100,v4,new1,32,46,73.1959,./BF/datasv4/strat_new1/train
20240807_011123,wide_resnet50_2.tv_in1k,0.01,0.9,0.0002,100,v4,new1,32,14,63.9175,./BF/datasv4/strat_new1/train
20240807_012042,resnet152.tv_in1k,0.008,0.9,0.0002,100,v4,new1,32,39,64.9485,./BF/datasv4/strat_new1/train
20240807_013022,resnet152.tv_in1k,0.01,0.9,0.0002,100,v4,new1,32,41,62.8866,./BF/datasv4/strat_new1/train
20240807_013958,wide_resnet50_2.tv_in1k,0.008,0.9,0.0002,100,v4,3,32,8,60.8247,./BF/datasv4/strat_3/train
20240807_015148,wide_resnet50_2.tv_in1k,0.01,0.9,0.0002,100,v4,3,32,23,73.1959,./BF/datasv4/strat_3/train
20240807_020336,resnet152.tv_in1k,0.008,0.9,0.0002,100,v4,3,32,14,60.8247,./BF/datasv4/strat_3/train
20240807_021538,resnet152.tv_in1k,0.01,0.9,0.0002,100,v4,3,32,13,64.9485,./BF/datasv4/strat_3/train
20240807_022742,wide_resnet50_2.tv_in1k,0.008,0.9,0.0002,100,v4,new3,32,13,74.2268,./BF/datasv4/strat_new3/train
20240807_024000,wide_resnet50_2.tv_in1k,0.01,0.9,0.0002,100,v4,new3,32,45,85.5670,./BF/datasv4/strat_new3/train
20240807_025211,resnet152.tv_in1k,0.008,0.9,0.0002,100,v4,new3,32,54,72.1649,./BF/datasv4/strat_new3/train
20240807_030444,resnet152.tv_in1k,0.01,0.9,0.0002,100,v4,new3,32,46,70.1031,./BF/datasv4/strat_new3/train
20240807_031716,wide_resnet50_2.tv_in1k,0.008,0.9,0.0002,100,v4,5,32,42,85.5670,./BF/datasv4/strat_5/train
20240807_033203,wide_resnet50_2.tv_in1k,0.01,0.9,0.0002,100,v4,5,32,43,75.2577,./BF/datasv4/strat_5/train
20240807_034642,resnet152.tv_in1k,0.008,0.9,0.0002,100,v4,5,32,46,70.1031,./BF/datasv4/strat_5/train
20240807_040147,resnet152.tv_in1k,0.01,0.9,0.0002,100,v4,5,32,68,75.2577,./BF/datasv4/strat_5/train
20240807_041652,wide_resnet50_2.tv_in1k,0.008,0.9,0.0002,100,v4,new5,32,25,72.1649,./BF/datasv4/strat_new5/train
20240807_043208,wide_resnet50_2.tv_in1k,0.01,0.9,0.0002,100,v4,new5,32,34,69.0722,./BF/datasv4/strat_new5/train
20240807_044713,resnet152.tv_in1k,0.008,0.9,0.0002,100,v4,new5,32,13,70.1031,./BF/datasv4/strat_new5/train
20240807_050248,resnet152.tv_in1k,0.01,0.9,0.0002,100,v4,new5,32,85,71.1340,./BF/datasv4/strat_new5/train
20240807_051825,wide_resnet50_2.tv_in1k,0.008,0.9,0.0002,100,v4,10,32,8,63.9175,./BF/datasv4/strat_10/train
20240807_054030,wide_resnet50_2.tv_in1k,0.01,0.9,0.0002,100,v4,10,32,9,72.1649,./BF/datasv4/strat_10/train
20240807_060221,resnet152.tv_in1k,0.008,0.9,0.0002,100,v4,10,32,0,59.7938,./BF/datasv4/strat_10/train
20240807_062449,resnet152.tv_in1k,0.01,0.9,0.0002,100,v4,10,32,14,62.8866,./BF/datasv4/strat_10/train
20240807_064711,wide_resnet50_2.tv_in1k,0.008,0.9,0.0002,100,v4,new10,32,9,72.1649,./BF/datasv4/strat_new10/train
20240807_070902,wide_resnet50_2.tv_in1k,0.01,0.9,0.0002,100,v4,new10,32,23,78.3505,./BF/datasv4/strat_new10/train
20240807_073043,resnet152.tv_in1k,0.008,0.9,0.0002,100,v4,new10,32,22,65.9794,./BF/datasv4/strat_new10/train
20240807_075314,resnet152.tv_in1k,0.01,0.9,0.0002,100,v4,new10,32,14,76.2887,./BF/datasv4/strat_new10/train
20240807_120707,resnet152.tv_in1k,0.004,0.9,0.0002,100,v4,1,32,13,59.7938,./BF/datasv4/strat_1/train
20240807_121601,resnet152.tv_in1k,0.006,0.9,0.0002,100,v4,1,32,39,63.9175,./BF/datasv4/strat_1/train
20240807_122503,resnet152.tv_in1k,0.004,0.9,0.0002,100,v4,new1,32,22,65.9794,./BF/datasv4/strat_new1/train
20240807_123430,resnet152.tv_in1k,0.006,0.9,0.0002,100,v4,new1,32,55,63.9175,./BF/datasv4/strat_new1/train
20240807_124356,wide_resnet50_2.tv_in1k,0.004,0.9,0.0002,100,v4,5,32,70,63.9175,./BF/datasv4/strat_5/train
20240807_125825,wide_resnet50_2.tv_in1k,0.006,0.9,0.0002,100,v4,5,32,38,79.3814,./BF/datasv4/strat_5/train
20240807_131256,resnet152.tv_in1k,0.004,0.9,0.0002,100,v4,5,32,73,63.9175,./BF/datasv4/strat_5/train
20240807_132749,resnet152.tv_in1k,0.006,0.9,0.0002,100,v4,5,32,15,68.0412,./BF/datasv4/strat_5/train
20240807_134241,wide_resnet50_2.tv_in1k,0.004,0.9,0.0002,100,v4,new5,32,45,84.5361,./BF/datasv4/strat_new5/train
20240807_135735,wide_resnet50_2.tv_in1k,0.006,0.9,0.0002,100,v4,new5,32,47,87.6289,./BF/datasv4/strat_new5/train
20240807_141229,resnet152.tv_in1k,0.004,0.9,0.0002,100,v4,new5,32,53,86.5979,./BF/datasv4/strat_new5/train
20240807_142759,resnet152.tv_in1k,0.006,0.9,0.0002,100,v4,new5,32,44,83.5052,./BF/datasv4/strat_new5/train
20240808_215101,wide_resnet50_2.tv_in1k,0.007,0.9,0.0002,100,v4,1,32,43,65.9794,./BF/datasv4/strat_1/train
20240808_220009,wide_resnet50_2.tv_in1k,0.009,0.9,0.0002,100,v4,1,32,59,65.9794,./BF/datasv4/strat_1/train
20240808_220918,resnet152.tv_in1k,0.007,0.9,0.0002,100,v4,1,32,72,69.0722,./BF/datasv4/strat_1/train
20240808_221846,resnet152.tv_in1k,0.009,0.9,0.0002,100,v4,1,32,22,67.0103,./BF/datasv4/strat_1/train
20240808_222813,wide_resnet50_2.tv_in1k,0.007,0.9,0.0002,100,v4,new1,32,49,65.9794,./BF/datasv4/strat_new1/train
20240808_223753,wide_resnet50_2.tv_in1k,0.009,0.9,0.0002,100,v4,new1,32,25,68.0412,./BF/datasv4/strat_new1/train
20240808_224732,resnet152.tv_in1k,0.007,0.9,0.0002,100,v4,new1,32,43,64.9485,./BF/datasv4/strat_new1/train
20240808_225731,resnet152.tv_in1k,0.009,0.9,0.0002,100,v4,new1,32,37,63.9175,./BF/datasv4/strat_new1/train
20240808_230738,wide_resnet50_2.tv_in1k,0.005,0.9,0.0002,100,v4,3,32,22,64.9485,./BF/datasv4/strat_3/train
20240808_232024,wide_resnet50_2.tv_in1k,0.003,0.9,0.0002,100,v4,3,32,21,65.9794,./BF/datasv4/strat_3/train
20240808_233232,resnet152.tv_in1k,0.005,0.9,0.0002,100,v4,3,32,23,63.9175,./BF/datasv4/strat_3/train
20240808_234514,resnet152.tv_in1k,0.003,0.9,0.0002,100,v4,3,32,27,65.9794,./BF/datasv4/strat_3/train
20240808_235744,wide_resnet50_2.tv_in1k,0.005,0.9,0.0002,100,v4,new3,32,28,73.1959,./BF/datasv4/strat_new3/train
20240809_001026,wide_resnet50_2.tv_in1k,0.003,0.9,0.0002,100,v4,new3,32,14,63.9175,./BF/datasv4/strat_new3/train
20240809_002312,resnet152.tv_in1k,0.005,0.9,0.0002,100,v4,new3,32,22,69.0722,./BF/datasv4/strat_new3/train
20240809_003625,resnet152.tv_in1k,0.003,0.9,0.0002,100,v4,new3,32,7,63.9175,./BF/datasv4/strat_new3/train
20240809_004934,wide_resnet50_2.tv_in1k,0.009,0.9,0.0002,100,v4,5,32,31,78.3505,./BF/datasv4/strat_5/train
20240809_010442,wide_resnet50_2.tv_in1k,0.007,0.9,0.0002,100,v4,5,32,15,85.5670,./BF/datasv4/strat_5/train
20240809_011956,resnet152.tv_in1k,0.009,0.9,0.0002,100,v4,5,32,21,73.1959,./BF/datasv4/strat_5/train
20240809_013546,resnet152.tv_in1k,0.007,0.9,0.0002,100,v4,5,32,51,82.4742,./BF/datasv4/strat_5/train
20240809_015130,wide_resnet50_2.tv_in1k,0.009,0.9,0.0002,100,v4,new5,32,30,78.3505,./BF/datasv4/strat_new5/train
20240809_020714,wide_resnet50_2.tv_in1k,0.007,0.9,0.0002,100,v4,new5,32,32,91.7526,./BF/datasv4/strat_new5/train
20240809_022256,resnet152.tv_in1k,0.009,0.9,0.0002,100,v4,new5,32,83,64.9485,./BF/datasv4/strat_new5/train
20240809_023919,resnet152.tv_in1k,0.007,0.9,0.0002,100,v4,new5,32,47,67.0103,./BF/datasv4/strat_new5/train
20240809_025539,wide_resnet50_2.tv_in1k,0.007,0.9,0.0002,100,v4,10,32,14,76.2887,./BF/datasv4/strat_10/train
20240809_031824,wide_resnet50_2.tv_in1k,0.005,0.9,0.0002,100,v4,10,32,75,70.1031,./BF/datasv4/strat_10/train
20240809_034128,resnet152.tv_in1k,0.007,0.9,0.0002,100,v4,10,32,7,61.8557,./BF/datasv4/strat_10/train
20240809_040515,resnet152.tv_in1k,0.005,0.9,0.0002,100,v4,10,32,11,60.8247,./BF/datasv4/strat_10/train
20240809_042856,wide_resnet50_2.tv_in1k,0.007,0.9,0.0002,100,v4,new10,32,45,71.1340,./BF/datasv4/strat_new10/train
20240809_045213,wide_resnet50_2.tv_in1k,0.005,0.9,0.0002,100,v4,new10,32,8,68.0412,./BF/datasv4/strat_new10/train
20240809_051529,resnet152.tv_in1k,0.007,0.9,0.0002,100,v4,new10,32,10,62.8866,./BF/datasv4/strat_new10/train
20240809_053937,resnet152.tv_in1k,0.005,0.9,0.0002,100,v4,new10,32,4,69.0722,./BF/datasv4/strat_new10/train
20240812_184016,wide_resnet50_2.tv_in1k,0.01,0.9,0.0002,200,v4,1,32,103,72.1649,./BF/datasv4/strat_1/train
20240812_185921,resnet152.tv_in1k,0.01,0.9,0.0002,200,v4,1,32,63,62.8866,./BF/datasv4/strat_1/train
20240812_191859,wide_resnet50_2.tv_in1k,0.01,0.9,0.0002,200,v4,new1,32,11,61.8557,./BF/datasv4/strat_new1/train
20240812_193910,resnet152.tv_in1k,0.01,0.9,0.0002,200,v4,new1,32,26,61.8557,./BF/datasv4/strat_new1/train
20240812_200014,wide_resnet50_2.tv_in1k,0.01,0.9,0.0002,200,v4,3,32,22,73.1959,./BF/datasv4/strat_3/train
20240812_202548,resnet152.tv_in1k,0.01,0.9,0.0002,200,v4,3,32,23,64.9485,./BF/datasv4/strat_3/train
20240812_205214,wide_resnet50_2.tv_in1k,0.01,0.9,0.0002,200,v4,new3,32,27,78.3505,./BF/datasv4/strat_new3/train
20240812_211912,resnet152.tv_in1k,0.01,0.9,0.0002,200,v4,new3,32,11,70.1031,./BF/datasv4/strat_new3/train
20240812_214713,wide_resnet50_2.tv_in1k,0.01,0.9,0.0002,200,v4,5,32,42,78.3505,./BF/datasv4/strat_5/train
20240812_221921,resnet152.tv_in1k,0.01,0.9,0.0002,200,v4,5,32,42,73.1959,./BF/datasv4/strat_5/train
20240812_225259,wide_resnet50_2.tv_in1k,0.01,0.9,0.0002,200,v4,new5,32,77,65.9794,./BF/datasv4/strat_new5/train
20240812_232619,resnet152.tv_in1k,0.01,0.9,0.0002,200,v4,new5,32,43,73.1959,./BF/datasv4/strat_new5/train
20240813_000121,wide_resnet50_2.tv_in1k,0.01,0.9,0.0002,200,v4,10,32,9,77.3196,./BF/datasv4/strat_10/train
20240813_004953,resnet152.tv_in1k,0.01,0.9,0.0002,200,v4,10,32,13,70.1031,./BF/datasv4/strat_10/train
20240813_014050,wide_resnet50_2.tv_in1k,0.01,0.9,0.0002,200,v4,new10,32,10,83.5052,./BF/datasv4/strat_new10/train
20240813_023040,resnet152.tv_in1k,0.01,0.9,0.0002,200,v4,new10,32,15,68.0412,./BF/datasv4/strat_new10/train
20240813_153020,wide_resnet50_2.tv_in1k,0.009,0.9,0.0002,200,v4,1,32,19,65.9794,./BF/datasv4/strat_1/train
20240813_154909,resnet152.tv_in1k,0.009,0.9,0.0002,200,v4,1,32,32,63.9175,./BF/datasv4/strat_1/train
20240813_160846,wide_resnet50_2.tv_in1k,0.009,0.9,0.0002,200,v4,new1,32,14,62.8866,./BF/datasv4/strat_new1/train
20240813_162851,resnet152.tv_in1k,0.009,0.9,0.0002,200,v4,new1,32,64,70.1031,./BF/datasv4/strat_new1/train
20240813_164957,wide_resnet50_2.tv_in1k,0.009,0.9,0.0002,200,v4,3,32,12,63.9175,./BF/datasv4/strat_3/train
20240813_171518,resnet152.tv_in1k,0.009,0.9,0.0002,200,v4,3,32,15,60.8247,./BF/datasv4/strat_3/train
20240813_174146,wide_resnet50_2.tv_in1k,0.009,0.9,0.0002,200,v4,new3,32,26,74.2268,./BF/datasv4/strat_new3/train
20240813_180824,resnet152.tv_in1k,0.009,0.9,0.0002,200,v4,new3,32,27,73.1959,./BF/datasv4/strat_new3/train
20240813_183625,wide_resnet50_2.tv_in1k,0.009,0.9,0.0002,200,v4,5,32,12,74.2268,./BF/datasv4/strat_5/train
20240813_190837,resnet152.tv_in1k,0.009,0.9,0.0002,200,v4,5,32,38,71.1340,./BF/datasv4/strat_5/train
20240813_194212,wide_resnet50_2.tv_in1k,0.009,0.9,0.0002,200,v4,new5,32,22,70.1031,./BF/datasv4/strat_new5/train
20240813_201519,resnet152.tv_in1k,0.009,0.9,0.0002,200,v4,new5,32,26,78.3505,./BF/datasv4/strat_new5/train
20240813_205021,wide_resnet50_2.tv_in1k,0.009,0.9,0.0002,200,v4,10,32,76,82.4742,./BF/datasv4/strat_10/train
20240813_213837,resnet152.tv_in1k,0.009,0.9,0.0002,200,v4,10,32,13,64.9485,./BF/datasv4/strat_10/train
20240813_222933,wide_resnet50_2.tv_in1k,0.009,0.9,0.0002,200,v4,new10,32,176,72.1649,./BF/datasv4/strat_new10/train
20240813_231903,resnet152.tv_in1k,0.009,0.9,0.0002,200,v4,new10,32,5,64.9485,./BF/datasv4/strat_new10/train
20240814_200605,wide_resnet50_2.tv_in1k,0.008,0.9,0.0002,200,v4,1,32,75,64.9485,./BF/datasv4/strat_1/train
20240814_202452,resnet152.tv_in1k,0.008,0.9,0.0002,200,v4,1,32,3,64.9485,./BF/datasv4/strat_1/train
20240814_204411,wide_resnet50_2.tv_in1k,0.008,0.9,0.0002,200,v4,new1,32,30,69.0722,./BF/datasv4/strat_new1/train
20240814_210354,resnet152.tv_in1k,0.008,0.9,0.0002,200,v4,new1,32,53,64.9485,./BF/datasv4/strat_new1/train
20240815_012350,resnet50.tv_in1k,0.01,0.9,0.0002,100,v4,1,32,6,64.9485,./BF/datasv4/strat_1/train
20240815_022439,wide_resnet50_2.tv_in1k,0.008,0.9,0.0002,100,v4,1,32,38,65.9794,./BF/datasv4/strat_1/train
20240815_023406,wide_resnet50_2.tv_in1k,0.008,0.9,0.0002,100,v4,new1,32,44,67.0103,./BF/datasv4/strat_new1/train
20240815_143727,wide_resnet50_2.tv_in1k,0.008,0.9,0.0002,100,v4,1,32,6,62.8866,./BF/datasv4/strat_1/train
20240815_144651,resnet152.tv_in1k,0.008,0.9,0.0002,100,v4,1,32,47,61.8557,./BF/datasv4/strat_1/train
20240815_145637,wide_resnet50_2.tv_in1k,0.008,0.9,0.0002,100,v4,new1,32,87,70.1031,./BF/datasv4/strat_new1/train
20240815_150640,resnet152.tv_in1k,0.008,0.9,0.0002,100,v4,new1,32,8,61.8557,./BF/datasv4/strat_new1/train
20240815_151710,wide_resnet50_2.tv_in1k,0.008,0.9,0.0002,100,v4,3,32,47,68.0412,./BF/datasv4/strat_3/train
20240815_152950,resnet152.tv_in1k,0.008,0.9,0.0002,100,v4,3,32,77,64.9485,./BF/datasv4/strat_3/train
20240815_154306,wide_resnet50_2.tv_in1k,0.008,0.9,0.0002,100,v4,new3,32,52,81.4433,./BF/datasv4/strat_new3/train
20240815_155623,resnet152.tv_in1k,0.008,0.9,0.0002,100,v4,new3,32,20,82.4742,./BF/datasv4/strat_new3/train
20240815_161020,wide_resnet50_2.tv_in1k,0.008,0.9,0.0002,100,v4,5,32,13,78.3505,./BF/datasv4/strat_5/train
20240815_162615,resnet152.tv_in1k,0.008,0.9,0.0002,100,v4,5,32,9,69.0722,./BF/datasv4/strat_5/train
20240815_164258,wide_resnet50_2.tv_in1k,0.008,0.9,0.0002,100,v4,new5,32,22,78.3505,./BF/datasv4/strat_new5/train
20240815_165931,resnet152.tv_in1k,0.008,0.9,0.0002,100,v4,new5,32,11,73.1959,./BF/datasv4/strat_new5/train
20240815_171657,wide_resnet50_2.tv_in1k,0.008,0.9,0.0002,100,v4,10,32,8,76.2887,./BF/datasv4/strat_10/train
20240815_174057,resnet152.tv_in1k,0.008,0.9,0.0002,100,v4,10,32,18,63.9175,./BF/datasv4/strat_10/train
20240815_180618,wide_resnet50_2.tv_in1k,0.008,0.9,0.0002,100,v4,new10,32,8,78.3505,./BF/datasv4/strat_new10/train
20240815_183056,resnet152.tv_in1k,0.008,0.9,0.0002,100,v4,new10,32,17,63.9175,./BF/datasv4/strat_new10/train
20240816_230942,wide_resnet50_2.tv_in1k,0.007,0.9,0.0002,100,v4,1,32,60,70.1031,./BF/datasv4/strat_1/train
20240816_231916,resnet152.tv_in1k,0.007,0.9,0.0002,100,v4,1,32,98,65.9794,./BF/datasv4/strat_1/train
20240816_232910,wide_resnet50_2.tv_in1k,0.007,0.9,0.0002,100,v4,new1,32,76,63.9175,./BF/datasv4/strat_new1/train
20240816_233922,resnet152.tv_in1k,0.007,0.9,0.0002,100,v4,new1,32,77,68.0412,./BF/datasv4/strat_new1/train
20240816_235005,wide_resnet50_2.tv_in1k,0.007,0.9,0.0002,100,v4,3,32,39,62.8866,./BF/datasv4/strat_3/train
20240817_000256,resnet152.tv_in1k,0.007,0.9,0.0002,100,v4,3,32,36,67.0103,./BF/datasv4/strat_3/train
20240817_001624,wide_resnet50_2.tv_in1k,0.007,0.9,0.0002,100,v4,new3,32,27,81.4433,./BF/datasv4/strat_new3/train
20240817_003001,resnet152.tv_in1k,0.007,0.9,0.0002,100,v4,new3,32,73,73.1959,./BF/datasv4/strat_new3/train
20240817_004416,wide_resnet50_2.tv_in1k,0.007,0.9,0.0002,100,v4,5,32,88,84.5361,./BF/datasv4/strat_5/train
20240817_010032,resnet152.tv_in1k,0.007,0.9,0.0002,100,v4,5,32,35,70.1031,./BF/datasv4/strat_5/train
20240817_011731,wide_resnet50_2.tv_in1k,0.007,0.9,0.0002,100,v4,new5,32,81,71.1340,./BF/datasv4/strat_new5/train
20240817_013422,resnet152.tv_in1k,0.007,0.9,0.0002,100,v4,new5,32,37,74.2268,./BF/datasv4/strat_new5/train
20240817_015208,wide_resnet50_2.tv_in1k,0.007,0.9,0.0002,100,v4,10,32,6,65.9794,./BF/datasv4/strat_10/train
20240817_021643,resnet152.tv_in1k,0.007,0.9,0.0002,100,v4,10,32,14,65.9794,./BF/datasv4/strat_10/train
20240817_024237,wide_resnet50_2.tv_in1k,0.007,0.9,0.0002,100,v4,new10,32,5,65.9794,./BF/datasv4/strat_new10/train
20240817_030739,resnet152.tv_in1k,0.007,0.9,0.0002,100,v4,new10,32,32,69.0722,./BF/datasv4/strat_new10/train
20240818_162344,resnet50.tv_in1k,0.006,0.9,0.0002,100,v4,1,32,39,70.1031,./BF/datasv4/strat_1/train
20240818_163244,resnet50.tv_in1k,0.006,0.9,0.0002,100,v4,new1,32,23,61.8557,./BF/datasv4/strat_new1/train
20240818_164219,resnet50.tv_in1k,0.01,0.9,0.0002,100,v4,3,32,10,61.8557,./BF/datasv4/strat_3/train
20240818_165420,resnet50.tv_in1k,0.01,0.9,0.0002,100,v4,new3,32,41,72.1649,./BF/datasv4/strat_new3/train
20240818_170651,resnet50.tv_in1k,0.01,0.9,0.0002,100,v4,5,32,57,71.1340,./BF/datasv4/strat_5/train
20240818_172153,resnet50.tv_in1k,0.01,0.9,0.0002,100,v4,new5,32,14,69.0722,./BF/datasv4/strat_new5/train
20240818_173726,resnet50.tv_in1k,0.01,0.9,0.0002,100,v4,10,32,8,65.9794,./BF/datasv4/strat_10/train
20240818_180002,resnet50.tv_in1k,0.01,0.9,0.0002,100,v4,new10,32,21,71.1340,./BF/datasv4/strat_new10/train
20240818_185647,resnet101.tv_in1k,0.005,0.9,0.0002,100,v4,1,32,30,68.0412,./BF/datasv4/strat_1/train
20240818_190615,resnet101.tv_in1k,0.005,0.9,0.0002,100,v4,new1,32,50,65.9794,./BF/datasv4/strat_new1/train
20240818_191620,resnet101.tv_in1k,0.008,0.9,0.0002,100,v4,3,32,11,64.9485,./BF/datasv4/strat_3/train
20240818_192904,resnet101.tv_in1k,0.008,0.9,0.0002,100,v4,new3,32,14,71.1340,./BF/datasv4/strat_new3/train
20240818_194225,resnet101.tv_in1k,0.006,0.9,0.0002,100,v4,5,32,12,71.1340,./BF/datasv4/strat_5/train
20240818_195825,resnet101.tv_in1k,0.006,0.9,0.0002,100,v4,new5,32,44,76.2887,./BF/datasv4/strat_new5/train
20240818_201504,resnet101.tv_in1k,0.01,0.9,0.0002,100,v4,10,32,6,63.9175,./BF/datasv4/strat_10/train
20240818_203934,resnet101.tv_in1k,0.01,0.9,0.0002,100,v4,new10,32,9,74.2268,./BF/datasv4/strat_new10/train
20240818_215612,tf_efficientnetv2_m.in21k,0.003,0.9,0.0002,100,v4,1,32,74,64.9485,./BF/datasv4/strat_1/train
20240818_220834,tf_efficientnetv2_m.in21k,0.003,0.9,0.0002,100,v4,new1,32,80,65.9794,./BF/datasv4/strat_new1/train
20240818_222221,tf_efficientnetv2_m.in21k,0.007,0.9,0.0002,100,v4,3,32,31,67.0103,./BF/datasv4/strat_3/train
20240818_223934,tf_efficientnetv2_m.in21k,0.007,0.9,0.0002,100,v4,new3,32,8,74.2268,./BF/datasv4/strat_new3/train
20240818_225816,tf_efficientnetv2_m.in21k,0.007,0.9,0.0002,100,v4,5,32,56,69.0722,./BF/datasv4/strat_5/train
20240818_232030,tf_efficientnetv2_m.in21k,0.007,0.9,0.0002,100,v4,new5,32,61,73.1959,./BF/datasv4/strat_new5/train
20240818_234412,tf_efficientnetv2_m.in21k,0.005,0.9,0.0002,100,v4,10,32,5,64.9485,./BF/datasv4/strat_10/train
20240819_001848,tf_efficientnetv2_m.in21k,0.005,0.9,0.0002,100,v4,new10,32,4,67.0103,./BF/datasv4/strat_new10/train
20240819_012557,tf_efficientnetv2_l.in21k,0.007,0.9,0.0002,100,v4,1,32,69,69.0722,./BF/datasv4/strat_1/train
20240819_014121,tf_efficientnetv2_l.in21k,0.007,0.9,0.0002,100,v4,new1,32,73,63.9175,./BF/datasv4/strat_new1/train
20240819_015856,tf_efficientnetv2_l.in21k,0.003,0.9,0.0002,100,v4,3,32,17,72.1649,./BF/datasv4/strat_3/train
20240819_022044,tf_efficientnetv2_l.in21k,0.003,0.9,0.0002,100,v4,new3,32,82,77.3196,./BF/datasv4/strat_new3/train
20240819_024452,tf_efficientnetv2_l.in21k,0.007,0.9,0.0002,100,v4,5,32,14,63.9175,./BF/datasv4/strat_5/train
20240819_031320,tf_efficientnetv2_l.in21k,0.007,0.9,0.0002,100,v4,new5,32,69,68.0412,./BF/datasv4/strat_new5/train
20240819_034410,tf_efficientnetv2_l.in21k,0.007,0.9,0.0002,100,v4,10,32,4,72.1649,./BF/datasv4/strat_10/train
20240819_042913,tf_efficientnetv2_l.in21k,0.007,0.9,0.0002,100,v4,new10,32,10,61.8557,./BF/datasv4/strat_new10/train
20240819_233822,tf_efficientnetv2_l.in21k,0.006,0.9,0.0002,100,v4,1,32,20,64.9485,./BF/datasv4/strat_1/train
20240819_235345,tf_efficientnetv2_l.in21k,0.006,0.9,0.0002,100,v4,new1,32,75,64.9485,./BF/datasv4/strat_new1/train
20240820_001116,tf_efficientnetv2_l.in21k,0.006,0.9,0.0002,100,v4,10,32,19,64.9485,./BF/datasv4/strat_10/train
20240820_005620,tf_efficientnetv2_l.in21k,0.006,0.9,0.0002,100,v4,new10,32,15,69.0722,./BF/datasv4/strat_new10/train
20240820_015821,tf_efficientnetv2_l.in21k,0.007,0.9,0.0002,100,v4,1,32,28,64.9485,./BF/datasv4/strat_1/train
20240820_021324,tf_efficientnetv2_l.in21k,0.008,0.9,0.0002,100,v4,1,32,35,63.9175,./BF/datasv4/strat_1/train
20240820_022826,tf_efficientnetv2_l.in21k,0.007,0.9,0.0002,100,v4,new1,32,70,68.0412,./BF/datasv4/strat_new1/train
20240820_024552,tf_efficientnetv2_l.in21k,0.008,0.9,0.0002,100,v4,new1,32,22,63.9175,./BF/datasv4/strat_new1/train
20240821_142757,resnet101.tv_in1k,0.005,0.9,0.0002,100,v4,1,32,28,69.0722,./BF/datasv4/strat_1/train
20240821_143723,resnet101.tv_in1k,0.006,0.9,0.0002,100,v4,1,32,17,69.0722,./BF/datasv4/strat_1/train
20240821_144647,resnet101.tv_in1k,0.005,0.9,0.0002,100,v4,new1,32,50,69.0722,./BF/datasv4/strat_new1/train
20240821_145646,resnet101.tv_in1k,0.006,0.9,0.0002,100,v4,new1,32,1,63.9175,./BF/datasv4/strat_new1/train
20240821_233055,resnet101.tv_in1k,0.003,0.9,0.0002,100,v4,1,32,7,67.0103,./BF/datasv4/strat_1/train
20240821_234021,resnet101.tv_in1k,0.004,0.9,0.0002,100,v4,1,32,60,69.0722,./BF/datasv4/strat_1/train
20240821_234947,resnet101.tv_in1k,0.003,0.9,0.0002,100,v4,new1,32,58,63.9175,./BF/datasv4/strat_new1/train
20240821_235951,resnet101.tv_in1k,0.004,0.9,0.0002,100,v4,new1,32,27,65.9794,./BF/datasv4/strat_new1/train
20240822_001238,resnet101.tv_in1k,0.007,0.9,0.0002,100,v4,1,32,56,65.9794,./BF/datasv4/strat_1/train
20240822_002204,resnet101.tv_in1k,0.008,0.9,0.0002,100,v4,1,32,40,71.1340,./BF/datasv4/strat_1/train
20240822_003127,resnet101.tv_in1k,0.007,0.9,0.0002,100,v4,new1,32,46,71.1340,./BF/datasv4/strat_new1/train
20240822_004128,resnet101.tv_in1k,0.008,0.9,0.0002,100,v4,new1,32,10,64.9485,./BF/datasv4/strat_new1/train
20240824_025104,tf_efficientnetv2_l.in21k,0.007,0.9,0.0002,100,v4,1,32,80,64.9485,./BF/datasv4/strat_1/train
20240824_030611,tf_efficientnetv2_l.in21k,0.008,0.9,0.0002,100,v4,1,32,90,64.9485,./BF/datasv4/strat_1/train
20240824_032113,tf_efficientnetv2_l.in21k,0.007,0.9,0.0002,100,v4,3,32,12,61.8557,./BF/datasv4/strat_3/train
20240824_034257,tf_efficientnetv2_l.in21k,0.008,0.9,0.0002,100,v4,3,32,27,82.4742,./BF/datasv4/strat_3/train
20240824_040445,tf_efficientnetv2_l.in21k,0.007,0.9,0.0002,100,v4,5,32,33,67.0103,./BF/datasv4/strat_5/train
20240824_043316,tf_efficientnetv2_l.in21k,0.008,0.9,0.0002,100,v4,5,32,58,63.9175,./BF/datasv4/strat_5/train
20240824_050136,tf_efficientnetv2_l.in21k,0.007,0.9,0.0002,100,v4,10,32,10,67.0103,./BF/datasv4/strat_10/train
20240824_054615,tf_efficientnetv2_l.in21k,0.008,0.9,0.0002,100,v4,10,32,7,62.8866,./BF/datasv4/strat_10/train
20240824_063101,tf_efficientnetv2_l.in21k,0.007,0.9,0.0002,100,v4,new1,32,7,65.9794,./BF/datasv4/strat_new1/train
20240824_064820,tf_efficientnetv2_l.in21k,0.008,0.9,0.0002,100,v4,new1,32,18,64.9485,./BF/datasv4/strat_new1/train
20240824_070543,tf_efficientnetv2_l.in21k,0.007,0.9,0.0002,100,v4,new3,32,16,69.0722,./BF/datasv4/strat_new3/train
20240824_072947,tf_efficientnetv2_l.in21k,0.008,0.9,0.0002,100,v4,new3,32,52,65.9794,./BF/datasv4/strat_new3/train
20240824_075345,tf_efficientnetv2_l.in21k,0.007,0.9,0.0002,100,v4,new5,32,43,70.1031,./BF/datasv4/strat_new5/train
20240824_082434,tf_efficientnetv2_l.in21k,0.008,0.9,0.0002,100,v4,new5,32,48,67.0103,./BF/datasv4/strat_new5/train
20240824_085509,tf_efficientnetv2_l.in21k,0.007,0.9,0.0002,100,v4,new10,32,16,65.9794,./BF/datasv4/strat_new10/train
20240824_094204,tf_efficientnetv2_l.in21k,0.008,0.9,0.0002,100,v4,new10,32,15,62.8866,./BF/datasv4/strat_new10/train
20240824_141907,tf_efficientnetv2_l.in21k,0.009,0.9,0.0002,100,v4,10,32,8,62.8866,./BF/datasv4/strat_10/train
20240824_150333,tf_efficientnetv2_l.in21k,0.01,0.9,0.0002,100,v4,10,32,44,63.9175,./BF/datasv4/strat_10/train
20240827_004819,resnet50.tv_in1k,0.005,0.9,0.0002,100,v4,1,32,85,62.8866,./BF/datasv4/strat_1/train
20240827_004611,tf_efficientnetv2_m.in21k,0.005,0.9,0.0002,100,v4,3,32,62,74.2268,./BF/datasv4/strat_3/train
20240827_012514,resnet50.tv_in1k,0.006,0.9,0.0002,100,v4,1,32,52,65.9794,./BF/datasv4/strat_1/train
20240827_003353,tf_efficientnetv2_l.in21k,0.009,0.9,0.0002,100,v4,new10,32,74,69.0722,./BF/datasv4/strat_new10/train
20240827_014119,tf_efficientnetv2_m.in21k,0.006,0.9,0.0002,100,v4,3,32,51,68.0412,./BF/datasv4/strat_3/train
20240827_020224,resnet50.tv_in1k,0.007,0.9,0.0002,100,v4,1,32,78,62.8866,./BF/datasv4/strat_1/train
20240827_024025,resnet50.tv_in1k,0.008,0.9,0.0002,100,v4,1,32,4,68.0412,./BF/datasv4/strat_1/train
20240827_023821,tf_efficientnetv2_m.in21k,0.007,0.9,0.0002,100,v4,3,32,40,75.2577,./BF/datasv4/strat_3/train
20240827_031753,resnet50.tv_in1k,0.01,0.9,0.0002,100,v4,1,32,41,67.0103,./BF/datasv4/strat_1/train
20240827_022158,tf_efficientnetv2_l.in21k,0.01,0.9,0.0002,100,v4,new10,32,28,67.0103,./BF/datasv4/strat_new10/train
20240827_035512,resnet50.tv_in1k,0.005,0.9,0.0002,100,v4,new1,32,56,75.2577,./BF/datasv4/strat_new1/train
20240827_033506,tf_efficientnetv2_m.in21k,0.005,0.9,0.0002,100,v4,new3,32,11,64.9485,./BF/datasv4/strat_new3/train
20240827_043453,resnet50.tv_in1k,0.006,0.9,0.0002,100,v4,new1,32,48,69.0722,./BF/datasv4/strat_new1/train
20240827_043527,tf_efficientnetv2_m.in21k,0.006,0.9,0.0002,100,v4,new3,32,49,69.0722,./BF/datasv4/strat_new3/train
20240827_050426,resnet50.tv_in1k,0.007,0.9,0.0002,100,v4,new1,32,21,64.9485,./BF/datasv4/strat_new1/train
20240827_053405,resnet50.tv_in1k,0.008,0.9,0.0002,100,v4,new1,32,3,67.0103,./BF/datasv4/strat_new1/train
20240827_052143,tf_efficientnetv2_m.in21k,0.007,0.9,0.0002,100,v4,new3,32,30,70.1031,./BF/datasv4/strat_new3/train
20240827_060348,resnet50.tv_in1k,0.01,0.9,0.0002,100,v4,new1,32,30,64.9485,./BF/datasv4/strat_new1/train
20240827_063302,resnet50.tv_in1k,0.005,0.9,0.0002,100,v4,3,32,13,60.8247,./BF/datasv4/strat_3/train
20240827_060759,tf_efficientnetv2_m.in21k,0.005,0.9,0.0002,100,v4,10,32,11,71.1340,./BF/datasv4/strat_10/train
20240827_070804,resnet50.tv_in1k,0.006,0.9,0.0002,100,v4,3,32,13,63.9175,./BF/datasv4/strat_3/train
20240827_074312,resnet50.tv_in1k,0.007,0.9,0.0002,100,v4,3,32,1,63.9175,./BF/datasv4/strat_3/train
20240827_072813,tf_efficientnetv2_m.in21k,0.006,0.9,0.0002,100,v4,10,32,5,70.1031,./BF/datasv4/strat_10/train
20240827_081820,resnet50.tv_in1k,0.008,0.9,0.0002,100,v4,3,32,20,73.1959,./BF/datasv4/strat_3/train
20240827_085330,resnet50.tv_in1k,0.01,0.9,0.0002,100,v4,3,32,14,72.1649,./BF/datasv4/strat_3/train
20240827_092844,resnet50.tv_in1k,0.005,0.9,0.0002,100,v4,new3,32,96,72.1649,./BF/datasv4/strat_new3/train
20240827_084828,tf_efficientnetv2_m.in21k,0.007,0.9,0.0002,100,v4,10,32,29,64.9485,./BF/datasv4/strat_10/train
20240827_100650,resnet50.tv_in1k,0.006,0.9,0.0002,100,v4,new3,32,33,72.1649,./BF/datasv4/strat_new3/train
20240827_104536,resnet50.tv_in1k,0.007,0.9,0.0002,100,v4,new3,32,63,75.2577,./BF/datasv4/strat_new3/train
20240827_100852,tf_efficientnetv2_m.in21k,0.005,0.9,0.0002,100,v4,new10,32,2,63.9175,./BF/datasv4/strat_new10/train
20240827_112406,resnet50.tv_in1k,0.008,0.9,0.0002,100,v4,new3,32,68,76.2887,./BF/datasv4/strat_new3/train
20240827_113821,resnet50.tv_in1k,0.007,0.9,0.0002,100,v4,3,32,17,62.8866,./BF/datasv4/strat_3/train
20240827_121614,resnet50.tv_in1k,0.01,0.9,0.0002,100,v4,new3,32,22,75.2577,./BF/datasv4/strat_new3/train
20240827_123128,resnet50.tv_in1k,0.008,0.9,0.0002,100,v4,3,32,22,62.8866,./BF/datasv4/strat_3/train
20240827_113436,tf_efficientnetv2_m.in21k,0.006,0.9,0.0002,100,v4,new10,32,1,62.8866,./BF/datasv4/strat_new10/train
20240827_131321,resnet50.tv_in1k,0.005,0.9,0.0002,100,v4,5,32,76,70.1031,./BF/datasv4/strat_5/train
20240827_132340,resnet50.tv_in1k,0.007,0.9,0.0002,100,v4,new3,32,72,68.0412,./BF/datasv4/strat_new3/train
20240827_142037,resnet50.tv_in1k,0.008,0.9,0.0002,100,v4,new3,32,18,70.1031,./BF/datasv4/strat_new3/train
20240827_141824,resnet50.tv_in1k,0.006,0.9,0.0002,100,v4,5,32,9,60.8247,./BF/datasv4/strat_5/train
20240827_133254,tf_efficientnetv2_m.in21k,0.007,0.9,0.0002,100,v4,new10,32,5,68.0412,./BF/datasv4/strat_new10/train
20240827_152133,resnet50.tv_in1k,0.007,0.9,0.0002,100,v4,5,32,80,69.0722,./BF/datasv4/strat_5/train
20240827_154236,resnet50.tv_in1k,0.008,0.9,0.0002,100,v4,5,32,45,73.1959,./BF/datasv4/strat_5/train
20240827_155939,resnet50.tv_in1k,0.01,0.9,0.0002,100,v4,5,32,41,78.3505,./BF/datasv4/strat_5/train
20240827_161643,resnet50.tv_in1k,0.005,0.9,0.0002,100,v4,new5,32,76,78.3505,./BF/datasv4/strat_new5/train
20240827_163440,resnet50.tv_in1k,0.006,0.9,0.0002,100,v4,new5,32,55,78.3505,./BF/datasv4/strat_new5/train
20240827_165215,resnet50.tv_in1k,0.007,0.9,0.0002,100,v4,new5,32,13,78.3505,./BF/datasv4/strat_new5/train
20240827_170952,resnet50.tv_in1k,0.008,0.9,0.0002,100,v4,new5,32,24,69.0722,./BF/datasv4/strat_new5/train
20240827_172727,resnet50.tv_in1k,0.01,0.9,0.0002,100,v4,new5,32,24,62.8866,./BF/datasv4/strat_new5/train
20240827_174504,resnet50.tv_in1k,0.005,0.9,0.0002,100,v4,10,32,29,60.8247,./BF/datasv4/strat_10/train
20240827_181031,resnet50.tv_in1k,0.006,0.9,0.0002,100,v4,10,32,5,61.8557,./BF/datasv4/strat_10/train
20240827_183552,resnet50.tv_in1k,0.007,0.9,0.0002,100,v4,10,32,7,60.8247,./BF/datasv4/strat_10/train
20240827_190118,resnet50.tv_in1k,0.008,0.9,0.0002,100,v4,10,32,9,65.9794,./BF/datasv4/strat_10/train
20240827_192645,resnet50.tv_in1k,0.01,0.9,0.0002,100,v4,10,32,6,72.1649,./BF/datasv4/strat_10/train
20240827_195208,resnet50.tv_in1k,0.005,0.9,0.0002,100,v4,new10,32,5,71.1340,./BF/datasv4/strat_new10/train
20240827_201805,resnet50.tv_in1k,0.006,0.9,0.0002,100,v4,new10,32,6,62.8866,./BF/datasv4/strat_new10/train
20240827_204411,resnet50.tv_in1k,0.007,0.9,0.0002,100,v4,new10,32,6,65.9794,./BF/datasv4/strat_new10/train
20240827_211020,resnet50.tv_in1k,0.008,0.9,0.0002,100,v4,new10,32,23,69.0722,./BF/datasv4/strat_new10/train
20240827_213631,resnet50.tv_in1k,0.01,0.9,0.0002,100,v4,new10,32,8,69.0722,./BF/datasv4/strat_new10/train
20240828_004538,resnet101.tv_in1k,0.005,0.9,0.0002,100,v4,5,32,45,75.2577,./BF/datasv4/strat_5/train
20240828_004406,tf_efficientnetv2_m.in21k,0.004,0.9,0.0002,100,v4,10,32,3,65.9794,./BF/datasv4/strat_10/train
20240828_004431,tf_efficientnetv2_l.in21k,0.006,0.9,0.0002,100,v4,10,32,9,80.4124,./BF/datasv4/strat_10/train
20240828_015007,resnet101.tv_in1k,0.006,0.9,0.0002,100,v4,5,32,20,73.1959,./BF/datasv4/strat_5/train
20240828_025232,resnet101.tv_in1k,0.007,0.9,0.0002,100,v4,5,32,77,82.4742,./BF/datasv4/strat_5/train
20240828_023124,tf_efficientnetv2_m.in21k,0.005,0.9,0.0002,100,v4,10,32,6,68.0412,./BF/datasv4/strat_10/train
20240828_024535,tf_efficientnetv2_l.in21k,0.007,0.9,0.0002,100,v4,10,32,5,60.8247,./BF/datasv4/strat_10/train
20240828_035504,resnet101.tv_in1k,0.005,0.9,0.0002,100,v4,new5,32,48,89.6907,./BF/datasv4/strat_new5/train
20240828_050212,resnet101.tv_in1k,0.006,0.9,0.0002,100,v4,new5,32,64,87.6289,./BF/datasv4/strat_new5/train
20240828_041825,tf_efficientnetv2_m.in21k,0.004,0.9,0.0002,100,v4,new10,32,8,70.1031,./BF/datasv4/strat_new10/train
20240828_044545,tf_efficientnetv2_l.in21k,0.006,0.9,0.0002,100,v4,new10,32,12,63.9175,./BF/datasv4/strat_new10/train
20240828_060933,resnet101.tv_in1k,0.007,0.9,0.0002,100,v4,new5,32,65,72.1649,./BF/datasv4/strat_new5/train
20240828_061120,tf_efficientnetv2_m.in21k,0.005,0.9,0.0002,100,v4,new10,32,3,69.0722,./BF/datasv4/strat_new10/train
20240828_065254,tf_efficientnetv2_l.in21k,0.007,0.9,0.0002,100,v4,new10,32,5,62.8866,./BF/datasv4/strat_new10/train
20240829_020134,wide_resnet50_2.tv_in1k,0.004,0.9,0.0002,100,v4,1,32,64,69.0722,./BF/datasv4/strat_1/train
20240829_023929,wide_resnet50_2.tv_in1k,0.008,0.9,0.0002,100,v4,1,32,90,67.0103,./BF/datasv4/strat_1/train
20240829_020127,tf_efficientnetv2_m.in21k,0.007,0.9,0.0002,100,v4,10,32,9,61.8557,./BF/datasv4/strat_10/train
20240829_031730,wide_resnet50_2.tv_in1k,0.009,0.9,0.0002,100,v4,1,32,36,70.1031,./BF/datasv4/strat_1/train
20240829_020132,tf_efficientnetv2_l.in21k,0.006,0.9,0.0002,100,v4,10,32,7,63.9175,./BF/datasv4/strat_10/train
20240829_035518,wide_resnet50_2.tv_in1k,0.01,0.9,0.0002,100,v4,1,32,44,71.1340,./BF/datasv4/strat_1/train
20240829_043309,wide_resnet50_2.tv_in1k,0.004,0.9,0.0002,100,v4,3,32,21,65.9794,./BF/datasv4/strat_3/train
20240829_034842,tf_efficientnetv2_m.in21k,0.008,0.9,0.0002,100,v4,10,32,8,61.8557,./BF/datasv4/strat_10/train
20240829_040133,tf_efficientnetv2_l.in21k,0.007,0.9,0.0002,100,v4,10,32,8,60.8247,./BF/datasv4/strat_10/train
20240829_052323,wide_resnet50_2.tv_in1k,0.008,0.9,0.0002,100,v4,3,32,14,62.8866,./BF/datasv4/strat_3/train
20240829_061338,wide_resnet50_2.tv_in1k,0.009,0.9,0.0002,100,v4,3,32,42,75.2577,./BF/datasv4/strat_3/train
20240829_053537,tf_efficientnetv2_m.in21k,0.009,0.9,0.0002,100,v4,10,32,5,60.8247,./BF/datasv4/strat_10/train
20240829_070354,wide_resnet50_2.tv_in1k,0.01,0.9,0.0002,100,v4,3,32,36,68.0412,./BF/datasv4/strat_3/train
20240829_060130,tf_efficientnetv2_l.in21k,0.006,0.9,0.0002,100,v4,new10,32,8,67.0103,./BF/datasv4/strat_new10/train
20240829_075411,wide_resnet50_2.tv_in1k,0.004,0.9,0.0002,100,v4,5,32,38,72.1649,./BF/datasv4/strat_5/train
20240829_072228,tf_efficientnetv2_m.in21k,0.01,0.9,0.0002,100,v4,10,32,49,63.9175,./BF/datasv4/strat_10/train
20240829_085657,wide_resnet50_2.tv_in1k,0.008,0.9,0.0002,100,v4,5,32,11,72.1649,./BF/datasv4/strat_5/train
20240829_080813,tf_efficientnetv2_l.in21k,0.007,0.9,0.0002,100,v4,new10,32,21,62.8866,./BF/datasv4/strat_new10/train
20240829_095927,wide_resnet50_2.tv_in1k,0.009,0.9,0.0002,100,v4,5,32,79,75.2577,./BF/datasv4/strat_5/train
20240829_090854,tf_efficientnetv2_m.in21k,0.007,0.9,0.0002,100,v4,new10,32,10,65.9794,./BF/datasv4/strat_new10/train
20240829_104832,wide_resnet50_2.tv_in1k,0.01,0.9,0.0002,100,v4,5,32,80,76.2887,./BF/datasv4/strat_5/train
20240829_104853,tf_efficientnetv2_m.in21k,0.008,0.9,0.0002,100,v4,new10,32,18,63.9175,./BF/datasv4/strat_new10/train
20240829_113258,wide_resnet50_2.tv_in1k,0.004,0.9,0.0002,100,v4,10,32,7,65.9794,./BF/datasv4/strat_10/train
20240829_121129,tf_efficientnetv2_m.in21k,0.009,0.9,0.0002,100,v4,new10,32,10,67.0103,./BF/datasv4/strat_new10/train
20240829_123927,wide_resnet50_2.tv_in1k,0.008,0.9,0.0002,100,v4,10,32,36,73.1959,./BF/datasv4/strat_10/train
20240829_134611,wide_resnet50_2.tv_in1k,0.009,0.9,0.0002,100,v4,10,32,44,75.2577,./BF/datasv4/strat_10/train
20240829_142801,resnet50.tv_in1k,0.005,0.9,0.0002,100,v4,5,32,44,74.2268,./BF/datasv4/strat_5/train
20240829_142931,resnet101.tv_in1k,0.004,0.9,0.0002,100,v4,5,32,34,76.2887,./BF/datasv4/strat_5/train
20240829_153331,resnet50.tv_in1k,0.006,0.9,0.0002,100,v4,5,32,16,64.9485,./BF/datasv4/strat_5/train
20240829_153651,resnet101.tv_in1k,0.005,0.9,0.0002,100,v4,5,32,41,74.2268,./BF/datasv4/strat_5/train
20240829_150601,wide_resnet50_2.tv_in1k,0.01,0.9,0.0002,100,v4,10,32,12,63.9175,./BF/datasv4/strat_10/train
20240829_164646,wide_resnet50_2.tv_in1k,0.004,0.9,0.0002,100,v4,new1,32,75,68.0412,./BF/datasv4/strat_new1/train
20240829_163918,resnet50.tv_in1k,0.007,0.9,0.0002,100,v4,5,32,38,72.1649,./BF/datasv4/strat_5/train
20240829_164402,resnet101.tv_in1k,0.006,0.9,0.0002,100,v4,5,32,29,72.1649,./BF/datasv4/strat_5/train
20240829_173249,wide_resnet50_2.tv_in1k,0.008,0.9,0.0002,100,v4,new1,32,39,70.1031,./BF/datasv4/strat_new1/train
20240829_174523,resnet50.tv_in1k,0.005,0.9,0.0002,100,v4,new5,32,77,83.5052,./BF/datasv4/strat_new5/train
20240829_181901,wide_resnet50_2.tv_in1k,0.009,0.9,0.0002,100,v4,new1,32,22,64.9485,./BF/datasv4/strat_new1/train
20240829_175139,resnet101.tv_in1k,0.004,0.9,0.0002,100,v4,new5,32,89,79.3814,./BF/datasv4/strat_new5/train
20240829_190517,wide_resnet50_2.tv_in1k,0.01,0.9,0.0002,100,v4,new1,32,32,69.0722,./BF/datasv4/strat_new1/train
20240829_185654,resnet50.tv_in1k,0.006,0.9,0.0002,100,v4,new5,32,30,78.3505,./BF/datasv4/strat_new5/train
20240829_190517,resnet101.tv_in1k,0.005,0.9,0.0002,100,v4,new5,32,40,73.1959,./BF/datasv4/strat_new5/train
20240829_195142,wide_resnet50_2.tv_in1k,0.004,0.9,0.0002,100,v4,new3,32,12,67.0103,./BF/datasv4/strat_new3/train
20240829_200820,resnet50.tv_in1k,0.007,0.9,0.0002,100,v4,new5,32,8,64.9485,./BF/datasv4/strat_new5/train
20240829_201824,resnet101.tv_in1k,0.006,0.9,0.0002,100,v4,new5,32,45,81.4433,./BF/datasv4/strat_new5/train
20240829_205125,wide_resnet50_2.tv_in1k,0.008,0.9,0.0002,100,v4,new3,32,68,79.3814,./BF/datasv4/strat_new3/train
20240829_213239,wide_resnet50_2.tv_in1k,0.009,0.9,0.0002,100,v4,new3,32,38,79.3814,./BF/datasv4/strat_new3/train
20240829_214742,wide_resnet50_2.tv_in1k,0.01,0.9,0.0002,100,v4,new3,32,67,82.4742,./BF/datasv4/strat_new3/train
20240829_220239,wide_resnet50_2.tv_in1k,0.004,0.9,0.0002,100,v4,new5,32,33,73.1959,./BF/datasv4/strat_new5/train
20240829_222121,wide_resnet50_2.tv_in1k,0.008,0.9,0.0002,100,v4,new5,32,33,83.5052,./BF/datasv4/strat_new5/train
20240829_223951,wide_resnet50_2.tv_in1k,0.009,0.9,0.0002,100,v4,new5,32,31,72.1649,./BF/datasv4/strat_new5/train
20240829_225828,wide_resnet50_2.tv_in1k,0.01,0.9,0.0002,100,v4,new5,32,22,79.3814,./BF/datasv4/strat_new5/train
20240829_231703,wide_resnet50_2.tv_in1k,0.004,0.9,0.0002,100,v4,new10,32,11,62.8866,./BF/datasv4/strat_new10/train
20240829_234428,wide_resnet50_2.tv_in1k,0.008,0.9,0.0002,100,v4,new10,32,10,84.5361,./BF/datasv4/strat_new10/train
20240830_001158,wide_resnet50_2.tv_in1k,0.009,0.9,0.0002,100,v4,new10,32,25,72.1649,./BF/datasv4/strat_new10/train
20240830_003931,wide_resnet50_2.tv_in1k,0.01,0.9,0.0002,100,v4,new10,32,12,77.3196,./BF/datasv4/strat_new10/train
20240906_144151,resnet50.tv_in1k,0.004,0.9,0.0002,100,v4,5,32,6,61.8557,./BF/datasv4/strat_5/train
20240906_150921,resnet50.tv_in1k,0.005,0.9,0.0002,100,v4,5,32,41,77.3196,./BF/datasv4/strat_5/train
20240906_153615,resnet50.tv_in1k,0.006,0.9,0.0002,100,v4,5,32,27,70.1031,./BF/datasv4/strat_5/train
20240906_160209,resnet50.tv_in1k,0.007,0.9,0.0002,100,v4,5,32,45,73.1959,./BF/datasv4/strat_5/train
20240906_162800,resnet50.tv_in1k,0.004,0.9,0.0002,100,v4,new5,32,57,83.5052,./BF/datasv4/strat_new5/train
20240906_165438,resnet50.tv_in1k,0.005,0.9,0.0002,100,v4,new5,32,71,77.3196,./BF/datasv4/strat_new5/train
20240906_172107,resnet50.tv_in1k,0.006,0.9,0.0002,100,v4,new5,32,81,80.4124,./BF/datasv4/strat_new5/train
20240906_174740,resnet50.tv_in1k,0.007,0.9,0.0002,100,v4,new5,32,56,76.2887,./BF/datasv4/strat_new5/train
20240906_222911,resnet101.tv_in1k,0.004,0.9,0.0002,100,v4,5,32,34,81.4433,./BF/datasv4/strat_5/train
20240906_225657,resnet101.tv_in1k,0.005,0.9,0.0002,100,v4,5,32,17,84.5361,./BF/datasv4/strat_5/train
20240906_232451,resnet101.tv_in1k,0.006,0.9,0.0002,100,v4,5,32,97,79.3814,./BF/datasv4/strat_5/train
20240906_235130,resnet101.tv_in1k,0.004,0.9,0.0002,100,v4,new5,32,69,78.3505,./BF/datasv4/strat_new5/train
20240907_001832,resnet101.tv_in1k,0.005,0.9,0.0002,100,v4,new5,32,75,80.4124,./BF/datasv4/strat_new5/train
20240907_004725,resnet101.tv_in1k,0.006,0.9,0.0002,100,v4,new5,32,30,80.4124,./BF/datasv4/strat_new5/train
